aenum	3.1.15
apprise	1.9.3
async_timeout	4.0.3
certifi	2023.7.22
cffi	1.16.0
charset_normalizer	3.3.2
click	8.1.7
cycler	0.12.1
dbus_fast	2.12.0
distro	1.8.0
greenlet	3.0.1
idna	3.4
ifaddr	0.2.0
importlib_metadata	8.4.0
inotify_simple	2.0.1
jinja2	3.1.2
kiwisolver	1.4.5
ldap3	2.9.1
libnacl	2.1.0
markdown	3.5.1
markupsafe	2.1.3
matplotlib	3.4.3
msgpack	1.0.7
oauthlib	3.2.2
packaging	23.1
paho_mqtt	1.6.1
pillow	10.0.1
pip	22.3.1
preprocess_cancellation	0.2.1
pyasn1	0.6.4
pycparser	2.21
pyparsing	3.1.0
pyserial	3.5
python_can	4.2.2
python_dateutil	2.8.2
python_periphery	2.3.0
pyyaml	6.0.1
requests	2.31.0
requests_oauthlib	1.3.1
setuptools	68.2.2
six	1.16.0
tornado	6.2
typing_extensions	4.7.1
urllib3	2.0.7
wheel	0.42.0
wrapt	1.14.1
zeroconf	0.39.4
zipp	3.20.2
